Country,Destination,TopSight,Description,Rating,NumberOfReview,Type,TypicalTimeSpent,Latitude,Longitude,Option0,Option1,Option2,Option3,Option4,Option5,Option6,Option7,Option8,Option9,Option10
Faroe Islands,Tórshavn,Nólsoy,"Nólsoy is an island and village in central Faroe Islands, 4 km east of the capital Tórshavn in Streymoy.",4.4,23,,,,,,,,,,,,,,
Faroe Islands,Tórshavn,Tinganes,,,,,,,,,,,,,,,,,
Faroe Islands,Tórshavn,The Nordic House,"The Nordic House is a cultural institution in the Faroe Islands. Its aim is to support and promote Nordic and Faroese culture, locally and in the Nordic region",4.4,207,"Cultural center in Tórshavn, Faroe Islands",,62.02206,-6.784673,,,,,,,,,,
Faroe Islands,Tórshavn,Koltur,"Koltur is an island in the Faroe Islands, located to the west of Streymoy and to the north-west of Hestur. The name 'Koltur' means 'colt', in contrast with the name of the larger island to the south-east, 'Hestur', which means 'horse'. The island has just one settlement, Koltur.",4.8,5,,,,,,,,,,,,,,
Faroe Islands,Tórshavn,Hestur,"Hestur is an island in the central Faroe Islands, to the west of Streymoy and the south of Koltur. Hestur means horse in Faroese.
On the west coast is a guillemot colony. In the north there is moorland with four small lakes, of which Fagradalsvatn is the largest.",4.6,7,,,,,,,,,,,,,,
Faroe Islands,Tórshavn,Tórshavn Cathedral,"Tórshavn Cathedral is the second oldest received church of the Faroe Islands, on Tinganes in the old town of Tórshavn. Painted white, and roofed with slate, it was established in 1788. The cathedral lies in the north of the peninsula of Tinganes and is one of the main attractions of the town.",4.3,136,"Cathedral in Tórshavn, Faroe Islands",,62.0096447,-6.7716551,,,,,,,,,,
Faroe Islands,Tórshavn,Skansin,"Skansin is a historic fortress in Tórshavn, the capital of the Faroe Islands.
Skansin is located on a hill beside the port of Tórshavn. The fort was built in 1580 by Magnus Heinason to protect against pirate raids of the town, after he himself was nearly caught up in one such raid.",4.3,278,"Historical landmark in Tórshavn, Faroe Islands",,62.0079831,-6.7632137,,,,,,,,,,
Faroe Islands,Tórshavn,Listasavn Føroya,"Listasavn Føroya is an art museum in Tórshavn, Faroe Islands for mostly permanent exhibits of Faroese arts. Tórshavn is the capital of Faroe Islands.
Established in 1989, it consists of a gallery called Listaskáli and another for historic arts with an area of 1,600 m².",4.6,126,"Museum in Tórshavn, Faroe Islands",,62.0175196,-6.7806489,,,,,,,,,,
Faroe Islands,Tórshavn,National Museum of the Faroe Islands,"The National Museum of the Faroe Islands is the national museum of the Faroe Islands, located in Tórshavn.",4.2,110,"Museum in Hoyvík, Faroe Islands",,62.0320435,-6.7649088,,,,,,,,,,
Faroe Islands,Tórshavn,"Saint Olav's Church, Kirkjubøur","Saint Olav's Church is a medieval church in the village of Kirkjubøur in Streymoy, Faroe Islands. It was built before 1200, which makes it the oldest church of the Faroe Islands. Until the Reformation, it served as the seat of the Catholic bishop.
A runestone, the Kirkjubøur stone, was found in 1832 in the church.",,,,,,,,,,,,,,,,
Faroe Islands,Tórshavn,National Library of the Faroe Islands,"The National Library of the Faroe Islands is the national library for the Faroe Islands, a self-governing country within the Kingdom of Denmark It is both a public and a research library.",4.0,8,Public library,,62.0075345,-6.7776546,,,,,,,,,,
Faroe Islands,Tórshavn,Viðarlundin,,,,"Park in Tórshavn, Faroe Islands",,62.0107248,-6.7740852,,,,,,,,,,
Faroe Islands,Tórshavn,Vesturkirkjan,,4.5,48,"Lutheran church in Tórshavn, Faroe Islands",,62.0074742,-6.7841966,,,,,,,,,,
Faroe Islands,Tórshavn,Svartafoss Waterfall,,4.4,14,Nature preserve in the Faroe Islands,,62.0261411,-6.7807392,,,,,,,,,,
Faroe Islands,Tórshavn,Öström,,4.0,9,"Art handcraft in Tórshavn, Faroe Islands",,62.007889,-6.7760149,,,,,,,,,,
Faroe Islands,Tórshavn,Smyril Line,"Smyril Line is a Faroese shipping company, linking the Faroe Islands with Denmark and Iceland  previously, it also served Norway and the United Kingdom. Smyril is the Faroese word for the merlin.",,,,,,,,,,,,,,,,
Faroe Islands,Tórshavn,Hoydalar,,,,,,,,,,,,,,,,,
Faroe Islands,Tórshavn,Húsareyn,"Húsareyn is a mountain located on the island of Streymoy. Standing at 345 metres above sea level, it is dwarfed by other Faroese mountains such as Slættaratindur.
The mountain overlooks the Faroese capital, Tórshavn, from the northwest and is clearly visible around the town.",,,,,,,,,,,,,,,,
Faroe Islands,Trøllanes,Kallur Lighthouse,,4.8,82,,,62.3701038,-6.8140327,,,,,,,,,,
Faroe Islands,Trøllanes,Borgarin,,5.0,1,,,,,,,,,,,,,,
Faroe Islands,Kirkjubøur,Magnus Cathedral,St. Magnus Cathedral is a ruined cathedral in the village of Kirkjubøur on the island of Streymoy in the Faroe Islands. The ruins are the largest medieval building in the Faroe Islands.,4.5,331,"Cathedral in Kirkjubøur, Faroe Islands",,61.9518808,-6.7921568,,,,,,,,,,
Faroe Islands,Kirkjubøur,Hestur,"Hestur is an island in the central Faroe Islands, to the west of Streymoy and the south of Koltur. Hestur means horse in Faroese.
On the west coast is a guillemot colony. In the north there is moorland with four small lakes, of which Fagradalsvatn is the largest.",4.6,7,,,,,,,,,,,,,,
Faroe Islands,Kirkjubøur,"Saint Olav's Church, Kirkjubøur","Saint Olav's Church is a medieval church in the village of Kirkjubøur in Streymoy, Faroe Islands. It was built before 1200, which makes it the oldest church of the Faroe Islands. Until the Reformation, it served as the seat of the Catholic bishop.
A runestone, the Kirkjubøur stone, was found in 1832 in the church.",,,,,,,,,,,,,,,,
Faroe Islands,Sumba,Sumbiarhólmur,"Sumbiarhólmur is an islet in the Faroe Islands, located just outside the village of Sumba, which is the southernmost village in the island Suðuroy. At 7 hectares in area, Sumbiarhólmur is the 6th largest islet of the Faroe Islands.",5.0,1,,,,,,,,,,,,,,
Faroe Islands,Sumba,Akraberg Lighthouse,,,,,,,,,,,,,,,,,
Faroe Islands,Sumba,Vágsfjørður,Vágsfjørður is a fjord on the island of Suðuroy in the Faroe Islands. The fjord is located in the southern part and on the eastern side of the island. The distance between the east and the west coast of Suðuroy is very short from Vágsfjørður to Vágseiði. Between the fjord and Vágseiði is a lake which is called Vatnið.,5.0,4,,,,,,,,,,,,,,
Faroe Islands,Klaksvík,Klakkur,,4.8,41,Tourist attraction in the Faroe Islands,,62.2367676,-6.6168164,,,,,,,,,,
Faroe Islands,Klaksvík,Christianskirkjan,"Christianskirkjan is a modern church building in Klaksvík, the second-largest town in the Faroe Islands. It was consecrated in 1963. The architect was Peter Koch, a Dane. Aesthetically, it is one of the islands’ most notable modern buildings in the country.",4.6,64,"Church building in Klaksvík, Faroe Islands",,62.2254531,-6.5867138,,,,,,,,,,
Faroe Islands,Klaksvík,Park of Klaksvik,,,,"Park in Klaksvík, Faroe Islands",,62.2251623,-6.5625103,,,,,,,,,,
Faroe Islands,Saksun,Dúvugarðar,,4.6,98,Museum,,62.2468413,-7.1762418,,,,,,,,,,
Faroe Islands,Vidareidi,Villingadalsfjall,,4.3,21,,,,,,,,,,,,,,
Faroe Islands,Vidareidi,Malínsfjall,,5.0,1,Mountain in the Faroe Islands,,62.3430761,-6.5391182,,,,,,,,,,
Faroe Islands,Porkeri,Vágsfjørður,Vágsfjørður is a fjord on the island of Suðuroy in the Faroe Islands. The fjord is located in the southern part and on the eastern side of the island. The distance between the east and the west coast of Suðuroy is very short from Vágsfjørður to Vágseiði. Between the fjord and Vágseiði is a lake which is called Vatnið.,5.0,4,,,,,,,,,,,,,,
Faroe Islands,Sandur,Skúvoy,"Skúvoy or Skúgvoy is an island in the central Faroe Islands, located to the south of Sandoy.
It is named after the large number of skua present on the island. There is only one settlement on the island: Skúvoy on the east coast. There are two mountains: Knúkur and Heyggjurin Mikli.",4.7,10,,,,,,,,,,,,,,
Faroe Islands,Sandur,Sandsvatn,"The Sandsvatn is the largest lake on the island of Sandoy and the third largest in the Faroe Islands, measuring 0.8 km² with a depth of 5 metres. It is situated in a valley between Skopun and Sandur, just north of the latter on Road 30.",,,,,,,,,,,,,,,,
Faroe Islands,Sandur,Søltuvík,,5.0,1,,,,,,,,,,,,,,
Faroe Islands,Hvalba,Asmundarstakkur,,,,,,,,,,,,,,,,,
Faroe Islands,Hvalba,Ásmundarstakkur,,,,,,,,,,,,,,,,,
Faroe Islands,Leynar,Leynavatn,"Lake Leynar is a lake on the island of Streymoy in the Faroe Islands.
Lake Leynar is the sixth-largest natural lake in the Faroe Islands and it measures 0.18 square kilometers. It lies at an elevation of 63 meters.",4.0,1,,,,,,,,,,,,,,
Faroe Islands,Leynar,Sundini,,3.0,3,,,,,,,,,,,,,,
Faroe Islands,Gasadalur,Múlafossur Waterfall,,4.9,244,Tourist attraction in the Faroe Islands,,62.1075748,-7.435472,,,,,,,,,,
Faroe Islands,Gasadalur,Tindhólmur,"Tindhólmur is an islet on the southside of Sørvágsfjørður, west of Vágar in the Faroe Islands. It has its name from the five peaks, which are named Ytsti, Arni, Lítli, Breiði, Bogni. The islet is uninhabited. It has an area of 650,000 square metres and its highest point is 262 metres.",4.7,9,,,,,,,,,,,,,,
Faroe Islands,Gasadalur,Drangarnir,Drangarnir is the collective name for two sea stacks between the islet Tindhólmur and the island Vágar in the Faroe Islands. The individual names of the sea stacks are Stóri Drangur and Lítli Drangur.,4.5,17,,,,,,,,,,,,,,
Faroe Islands,Gasadalur,Árnafjall,Árnafjall is the highest mountain on the island of Vágar in the Faroe Islands. The highest point is 722 meters above sea level. The name Árnafjall translates to the eagles mountain. The mountain lies on the west side of Vágar close to the village of Gásadalur.,,,,,,,,,,,,,,,,
Faroe Islands,Gasadalur,Heinanøva,,,,,,,,,,,,,,,,,
Faroe Islands,Gasadalur,Gáshólmur,"Gáshólmur is a small islet on the southside of Sørvágsfjørður in the Faroe Islands. To the east of the islet lies another islet, Tindhólmur. The islet is uninhabited, and the only living creatures are seabirds and sheep rams, which are placed on the islet each year by the locals in Sørvágur.",,,,,,,,,,,,,,,,
Faroe Islands,Gasadalur,Skerhólmur,"Skerhólmur is a small islet in the middle of Sørvágsfjørður on the island of Vágar, Faroe Islands.
It is uninhabited.",,,,,,,,,,,,,,,,
Faroe Islands,Gasadalur,Stóri Drangur,,5.0,1,,,,,,,,,,,,,,
Faroe Islands,Gasadalur,Lítli Drangur,,,,,,,,,,,,,,,,,
Faroe Islands,Gjogv,Bugvin,,,,,,,,,,,,,,,,,
Faroe Islands,Gjogv,Rinkusteinar,,,,,,,,,,,,,,,,,
Faroe Islands,Bøur,Drangarnir,Drangarnir is the collective name for two sea stacks between the islet Tindhólmur and the island Vágar in the Faroe Islands. The individual names of the sea stacks are Stóri Drangur and Lítli Drangur.,4.5,17,,,,,,,,,,,,,,
Faroe Islands,Bøur,Tindhólmur,"Tindhólmur is an islet on the southside of Sørvágsfjørður, west of Vágar in the Faroe Islands. It has its name from the five peaks, which are named Ytsti, Arni, Lítli, Breiði, Bogni. The islet is uninhabited. It has an area of 650,000 square metres and its highest point is 262 metres.",4.7,9,,,,,,,,,,,,,,
Faroe Islands,Bøur,Skerhólmur,"Skerhólmur is a small islet in the middle of Sørvágsfjørður on the island of Vágar, Faroe Islands.
It is uninhabited.",,,,,,,,,,,,,,,,
Faroe Islands,Bøur,Gáshólmur,"Gáshólmur is a small islet on the southside of Sørvágsfjørður in the Faroe Islands. To the east of the islet lies another islet, Tindhólmur. The islet is uninhabited, and the only living creatures are seabirds and sheep rams, which are placed on the islet each year by the locals in Sørvágur.",,,,,,,,,,,,,,,,
Faroe Islands,Bøur,Stóri Drangur,,5.0,1,,,,,,,,,,,,,,
Faroe Islands,Bøur,Lítli Drangur,,,,,,,,,,,,,,,,,
Faroe Islands,Vágur,Eggjarnar,"Eggjarnar is a place south of the village of Vágur on Suðuroy island in the Faroe Islands, which is known for its scenic viewpoint to the sea-cliffs of the southern part of Suðuroy all the way to Beinisvørð in the south and to Vágseiði and Gjógvaráfjall in the north.",4.4,5,,,,,,,,,,,,,,
Faroe Islands,Vágur,Ruth Smith Art Museum,,5.0,2,"Museum in Vágur, Faroe Islands",,61.4724794,-6.8219159,,,,,,,,,,
Faroe Islands,Vágur,Gjógvaráfjall,"Gjógvaráfjall is a 345 meter high mountain in the village Vágur. The mountain is located north of Vágseiði in the western part of the village. Some of the houses in Vágur are located on Gjógavaráfjall. A little river is named after the mountain, it is called Gjógvará. ""Á"" in Faroese means river.",,,,,,,,,,,,,,,,
Faroe Islands,Vágur,Vágsfjørður,Vágsfjørður is a fjord on the island of Suðuroy in the Faroe Islands. The fjord is located in the southern part and on the eastern side of the island. The distance between the east and the west coast of Suðuroy is very short from Vágsfjørður to Vágseiði. Between the fjord and Vágseiði is a lake which is called Vatnið.,5.0,4,,,,,,,,,,,,,,
Faroe Islands,Hoyvík,National Museum of the Faroe Islands,"The National Museum of the Faroe Islands is the national museum of the Faroe Islands, located in Tórshavn.",4.2,110,"Museum in Hoyvík, Faroe Islands",,62.0320435,-6.7649088,,,,,,,,,,
Faroe Islands,Hoyvík,Hoydalar,,,,,,,,,,,,,,,,,
Faroe Islands,Nordragota,Église Gøtu,,4.2,19,"Lutheran church in Gøtugjógv, Faroe Islands",,62.1933869,-6.7462599,,,,,,,,,,
Faroe Islands,Nordragota,Varmakelda,,2.3,3,,,,,,,,,,,,,,
Faroe Islands,Nordragota,Skálafjørður,"Skálafjørður, also known as Kongshavn is a fjord in Eysturoy. It is the largest fjord in the Faroe Islands.",4.1,7,,,,,,,,,,,,,,
Faroe Islands,Við Áir,Sundini,,3.0,3,,,,,,,,,,,,,,
Faroe Islands,Eiði,Risin og Kellingin,,,,,,,,,,,,,,,,,
Faroe Islands,Eiði,Kellingin,,,,,,,,,,,,,,,,,
Faroe Islands,Eiði,Bugvin,,,,,,,,,,,,,,,,,
Faroe Islands,Sørvágur,Drangarnir,Drangarnir is the collective name for two sea stacks between the islet Tindhólmur and the island Vágar in the Faroe Islands. The individual names of the sea stacks are Stóri Drangur and Lítli Drangur.,4.5,17,,,,,,,,,,,,,,
Faroe Islands,Sørvágur,Tindhólmur,"Tindhólmur is an islet on the southside of Sørvágsfjørður, west of Vágar in the Faroe Islands. It has its name from the five peaks, which are named Ytsti, Arni, Lítli, Breiði, Bogni. The islet is uninhabited. It has an area of 650,000 square metres and its highest point is 262 metres.",4.7,9,,,,,,,,,,,,,,
Faroe Islands,Sørvágur,Vørðufelli,"Vørðufelli is a mountain overlooking the village Sørvágur on the Faroe Islands. Its height is 284 metres above sea level. It is situated between Húsadalur, Vága, Vatnsdalur, and close to Klovin.
The latter part of the name - felli - is Faroese for a small mountain.",,,,,,,,,,,,,,,,
Faroe Islands,Sørvágur,Gáshólmur,"Gáshólmur is a small islet on the southside of Sørvágsfjørður in the Faroe Islands. To the east of the islet lies another islet, Tindhólmur. The islet is uninhabited, and the only living creatures are seabirds and sheep rams, which are placed on the islet each year by the locals in Sørvágur.",,,,,,,,,,,,,,,,
Faroe Islands,Sørvágur,Stóri Drangur,,5.0,1,,,,,,,,,,,,,,
Faroe Islands,Sørvágur,Lítli Drangur,,,,,,,,,,,,,,,,,
Faroe Islands,Toftir,Skálafjørður,"Skálafjørður, also known as Kongshavn is a fjord in Eysturoy. It is the largest fjord in the Faroe Islands.",4.1,7,,,,,,,,,,,,,,
Faroe Islands,Kalsoy-Mikladalur,Kópakonan,,4.8,95,"Tourist attraction in Mikladalur, Faroe Islands",,62.3356412,-6.7629154,,,,,,,,,,
Faroe Islands,Kalsoy-Mikladalur,Kallur Lighthouse,,4.8,82,,,62.3701038,-6.8140327,,,,,,,,,,
Faroe Islands,Kalsoy-Mikladalur,Rinkusteinar,,3.2,5,,,,,,,,,,,,,,
Faroe Islands,Kalsoy-Trøllanes,Kallur Lighthouse,,4.8,82,,,62.3701038,-6.8140327,,,,,,,,,,
Faroe Islands,Kalsoy-Trøllanes,Borgarin,,5.0,1,,,,,,,,,,,,,,
Faroe Islands,Kalsoy-Húsar,Rinkusteinar,,,,,,,,,,,,,,,,,
Faroe Islands,Mykines-Mykines,Mykines,"Mykines is the westernmost of the 18 main islands of the Faroese Archipelago.
It lies west of 7.5 degrees W, effectively putting it in the UTC-1 region. However, Mykines uses Greenwich Mean Time like the rest of the Faroes. The only settlement on the island is also called Mykines.",4.7,42,,,,,,,,,,,,,,
Faroe Islands,Mykines-Mykines,Mykineshólmur,,4.8,10,,,,,,,,,,,,,,
Faroe Islands,Mykines-Mykines,Mykines Hólmur Lighthouse,,4.9,80,Tourist attraction in the Faroe Islands,,62.0975119,-7.6823134,,,,,,,,,,
Faroe Islands,Nólsoy-Nólsoy,Nólsoy,"Nólsoy is an island and village in central Faroe Islands, 4 km east of the capital Tórshavn in Streymoy.",4.4,23,,,,,,,,,,,,,,
Faroe Islands,Streymoy-Tórshavn,Nólsoy,"Nólsoy is an island and village in central Faroe Islands, 4 km east of the capital Tórshavn in Streymoy.",4.4,23,,,,,,,,,,,,,,
Faroe Islands,Streymoy-Tórshavn,Tinganes,,,,,,,,,,,,,,,,,
Faroe Islands,Streymoy-Tórshavn,The Nordic House,"The Nordic House is a cultural institution in the Faroe Islands. Its aim is to support and promote Nordic and Faroese culture, locally and in the Nordic region",4.4,207,"Cultural center in Tórshavn, Faroe Islands",,62.02206,-6.784673,,,,,,,,,,
Faroe Islands,Streymoy-Tórshavn,Koltur,"Koltur is an island in the Faroe Islands, located to the west of Streymoy and to the north-west of Hestur. The name 'Koltur' means 'colt', in contrast with the name of the larger island to the south-east, 'Hestur', which means 'horse'. The island has just one settlement, Koltur.",4.8,5,,,,,,,,,,,,,,
Faroe Islands,Streymoy-Tórshavn,Hestur,"Hestur is an island in the central Faroe Islands, to the west of Streymoy and the south of Koltur. Hestur means horse in Faroese.
On the west coast is a guillemot colony. In the north there is moorland with four small lakes, of which Fagradalsvatn is the largest.",4.6,7,,,,,,,,,,,,,,
Faroe Islands,Streymoy-Tórshavn,Tórshavn Cathedral,"Tórshavn Cathedral is the second oldest received church of the Faroe Islands, on Tinganes in the old town of Tórshavn. Painted white, and roofed with slate, it was established in 1788. The cathedral lies in the north of the peninsula of Tinganes and is one of the main attractions of the town.",4.3,136,"Cathedral in Tórshavn, Faroe Islands",,62.0096447,-6.7716551,,,,,,,,,,
Faroe Islands,Streymoy-Tórshavn,Skansin,"Skansin is a historic fortress in Tórshavn, the capital of the Faroe Islands.
Skansin is located on a hill beside the port of Tórshavn. The fort was built in 1580 by Magnus Heinason to protect against pirate raids of the town, after he himself was nearly caught up in one such raid.",4.3,278,"Historical landmark in Tórshavn, Faroe Islands",,62.0079831,-6.7632137,,,,,,,,,,
Faroe Islands,Streymoy-Tórshavn,Listasavn Føroya,"Listasavn Føroya is an art museum in Tórshavn, Faroe Islands for mostly permanent exhibits of Faroese arts. Tórshavn is the capital of Faroe Islands.
Established in 1989, it consists of a gallery called Listaskáli and another for historic arts with an area of 1,600 m².",4.6,126,"Museum in Tórshavn, Faroe Islands",,62.0175196,-6.7806489,,,,,,,,,,
Faroe Islands,Streymoy-Tórshavn,National Museum of the Faroe Islands,"The National Museum of the Faroe Islands is the national museum of the Faroe Islands, located in Tórshavn.",4.2,110,"Museum in Hoyvík, Faroe Islands",,62.0320435,-6.7649088,,,,,,,,,,
Faroe Islands,Streymoy-Tórshavn,"Saint Olav's Church, Kirkjubøur","Saint Olav's Church is a medieval church in the village of Kirkjubøur in Streymoy, Faroe Islands. It was built before 1200, which makes it the oldest church of the Faroe Islands. Until the Reformation, it served as the seat of the Catholic bishop.
A runestone, the Kirkjubøur stone, was found in 1832 in the church.",,,,,,,,,,,,,,,,
Faroe Islands,Streymoy-Tórshavn,National Library of the Faroe Islands,"The National Library of the Faroe Islands is the national library for the Faroe Islands, a self-governing country within the Kingdom of Denmark It is both a public and a research library.",4.0,8,Public library,,62.0075345,-6.7776546,,,,,,,,,,
Faroe Islands,Streymoy-Tórshavn,Viðarlundin,,,,"Park in Tórshavn, Faroe Islands",,62.0107248,-6.7740852,,,,,,,,,,
Faroe Islands,Streymoy-Tórshavn,Vesturkirkjan,,4.5,48,"Lutheran church in Tórshavn, Faroe Islands",,62.0074742,-6.7841966,,,,,,,,,,
Faroe Islands,Streymoy-Tórshavn,Svartafoss Waterfall,,4.4,14,Nature preserve in the Faroe Islands,,62.0261411,-6.7807392,,,,,,,,,,
Faroe Islands,Streymoy-Tórshavn,Öström,,4.0,9,"Art handcraft in Tórshavn, Faroe Islands",,62.007889,-6.7760149,,,,,,,,,,
Faroe Islands,Streymoy-Tórshavn,Smyril Line,"Smyril Line is a Faroese shipping company, linking the Faroe Islands with Denmark and Iceland  previously, it also served Norway and the United Kingdom. Smyril is the Faroese word for the merlin.",,,,,,,,,,,,,,,,
Faroe Islands,Streymoy-Tórshavn,Hoydalar,,,,,,,,,,,,,,,,,
Faroe Islands,Streymoy-Tórshavn,Húsareyn,"Húsareyn is a mountain located on the island of Streymoy. Standing at 345 metres above sea level, it is dwarfed by other Faroese mountains such as Slættaratindur.
The mountain overlooks the Faroese capital, Tórshavn, from the northwest and is clearly visible around the town.",,,,,,,,,,,,,,,,
Faroe Islands,Streymoy-Saksun,Dúvugarðar,,4.6,98,Museum,,62.2468413,-7.1762418,,,,,,,,,,
Faroe Islands,Streymoy-Kirkjubøur,Magnus Cathedral,St. Magnus Cathedral is a ruined cathedral in the village of Kirkjubøur on the island of Streymoy in the Faroe Islands. The ruins are the largest medieval building in the Faroe Islands.,4.5,331,"Cathedral in Kirkjubøur, Faroe Islands",,61.9518808,-6.7921568,,,,,,,,,,
Faroe Islands,Streymoy-Kirkjubøur,Hestur,"Hestur is an island in the central Faroe Islands, to the west of Streymoy and the south of Koltur. Hestur means horse in Faroese.
On the west coast is a guillemot colony. In the north there is moorland with four small lakes, of which Fagradalsvatn is the largest.",4.6,7,,,,,,,,,,,,,,
Faroe Islands,Streymoy-Kirkjubøur,"Saint Olav's Church, Kirkjubøur","Saint Olav's Church is a medieval church in the village of Kirkjubøur in Streymoy, Faroe Islands. It was built before 1200, which makes it the oldest church of the Faroe Islands. Until the Reformation, it served as the seat of the Catholic bishop.
A runestone, the Kirkjubøur stone, was found in 1832 in the church.",,,,,,,,,,,,,,,,
Faroe Islands,Streymoy-Vestmanna,Sundini,,3.0,3,,,,,,,,,,,,,,
Faroe Islands,Streymoy-Argir,Hestur,,,,,,,,,,,,,,,,,
Faroe Islands,Streymoy-Kollafjørður,Skálafjørður,"Skálafjørður, also known as Kongshavn is a fjord in Eysturoy. It is the largest fjord in the Faroe Islands.",4.1,7,,,,,,,,,,,,,,
Faroe Islands,Streymoy-Kollafjørður,Sundini,,3.0,3,,,,,,,,,,,,,,
Faroe Islands,Streymoy-Hoyvík,National Museum of the Faroe Islands,"The National Museum of the Faroe Islands is the national museum of the Faroe Islands, located in Tórshavn.",4.2,110,"Museum in Hoyvík, Faroe Islands",,62.0320435,-6.7649088,,,,,,,,,,
Faroe Islands,Streymoy-Hoyvík,Hoydalar,,,,,,,,,,,,,,,,,
Faroe Islands,Streymoy-Leynar,Leynavatn,"Lake Leynar is a lake on the island of Streymoy in the Faroe Islands.
Lake Leynar is the sixth-largest natural lake in the Faroe Islands and it measures 0.18 square kilometers. It lies at an elevation of 63 meters.",4.0,1,,,,,,,,,,,,,,
Faroe Islands,Streymoy-Leynar,Sundini,,3.0,3,,,,,,,,,,,,,,
Faroe Islands,Streymoy-Hvalvík,Sundini,,3.0,3,,,,,,,,,,,,,,
Faroe Islands,Streymoy-Norðradalur,Koltur,"Koltur is an island in the Faroe Islands, located to the west of Streymoy and to the north-west of Hestur. The name 'Koltur' means 'colt', in contrast with the name of the larger island to the south-east, 'Hestur', which means 'horse'. The island has just one settlement, Koltur.",4.8,5,,,,,,,,,,,,,,
Faroe Islands,Streymoy-Norðradalur,Norðadalsskarð,,5.0,1,,,,,,,,,,,,,,
Faroe Islands,Streymoy-Velbastaður,Hestur,,,,,,,,,,,,,,,,,
Faroe Islands,Streymoy-Velbastaður,Koltur,"Koltur is an island in the Faroe Islands, located to the west of Streymoy and to the north-west of Hestur. The name 'Koltur' means 'colt', in contrast with the name of the larger island to the south-east, 'Hestur', which means 'horse'. The island has just one settlement, Koltur.",4.8,5,,,,,,,,,,,,,,
Faroe Islands,Streymoy-Syðradalur,Koltur,"Koltur is an island in the Faroe Islands, located to the west of Streymoy and to the north-west of Hestur. The name 'Koltur' means 'colt', in contrast with the name of the larger island to the south-east, 'Hestur', which means 'horse'. The island has just one settlement, Koltur.",4.8,5,,,,,,,,,,,,,,
Faroe Islands,Streymoy-Syðradalur,Hestur,,,,,,,,,,,,,,,,,
Faroe Islands,Suðuroy-Vágur,Eggjarnar,"Eggjarnar is a place south of the village of Vágur on Suðuroy island in the Faroe Islands, which is known for its scenic viewpoint to the sea-cliffs of the southern part of Suðuroy all the way to Beinisvørð in the south and to Vágseiði and Gjógvaráfjall in the north.",4.4,5,,,,,,,,,,,,,,
Faroe Islands,Suðuroy-Vágur,Ruth Smith Art Museum,,5.0,2,"Museum in Vágur, Faroe Islands",,61.4724794,-6.8219159,,,,,,,,,,
Faroe Islands,Suðuroy-Vágur,Gjógvaráfjall,"Gjógvaráfjall is a 345 meter high mountain in the village Vágur. The mountain is located north of Vágseiði in the western part of the village. Some of the houses in Vágur are located on Gjógavaráfjall. A little river is named after the mountain, it is called Gjógvará. ""Á"" in Faroese means river.",,,,,,,,,,,,,,,,
Faroe Islands,Suðuroy-Vágur,Vágsfjørður,Vágsfjørður is a fjord on the island of Suðuroy in the Faroe Islands. The fjord is located in the southern part and on the eastern side of the island. The distance between the east and the west coast of Suðuroy is very short from Vágsfjørður to Vágseiði. Between the fjord and Vágseiði is a lake which is called Vatnið.,5.0,4,,,,,,,,,,,,,,
Faroe Islands,Suðuroy-Hvalba,Asmundarstakkur,,,,,,,,,,,,,,,,,
Faroe Islands,Suðuroy-Hvalba,Ásmundarstakkur,,,,,,,,,,,,,,,,,
Faroe Islands,Suðuroy-Sumba,Sumbiarhólmur,"Sumbiarhólmur is an islet in the Faroe Islands, located just outside the village of Sumba, which is the southernmost village in the island Suðuroy. At 7 hectares in area, Sumbiarhólmur is the 6th largest islet of the Faroe Islands.",5.0,1,,,,,,,,,,,,,,
Faroe Islands,Suðuroy-Sumba,Akraberg Lighthouse,,,,,,,,,,,,,,,,,
Faroe Islands,Suðuroy-Sumba,Vágsfjørður,Vágsfjørður is a fjord on the island of Suðuroy in the Faroe Islands. The fjord is located in the southern part and on the eastern side of the island. The distance between the east and the west coast of Suðuroy is very short from Vágsfjørður to Vágseiði. Between the fjord and Vágseiði is a lake which is called Vatnið.,5.0,4,,,,,,,,,,,,,,
Faroe Islands,Suðuroy-Famjin,Vágsfjørður,Vágsfjørður is a fjord on the island of Suðuroy in the Faroe Islands. The fjord is located in the southern part and on the eastern side of the island. The distance between the east and the west coast of Suðuroy is very short from Vágsfjørður to Vágseiði. Between the fjord and Vágseiði is a lake which is called Vatnið.,5.0,4,,,,,,,,,,,,,,
Faroe Islands,Suðuroy-Sandvík,Asmundarstakkur,,,,,,,,,,,,,,,,,
Faroe Islands,Suðuroy-Sandvík,Ásmundarstakkur,,,,,,,,,,,,,,,,,
Faroe Islands,Suðuroy-Porkeri,Vágsfjørður,Vágsfjørður is a fjord on the island of Suðuroy in the Faroe Islands. The fjord is located in the southern part and on the eastern side of the island. The distance between the east and the west coast of Suðuroy is very short from Vágsfjørður to Vágseiði. Between the fjord and Vágseiði is a lake which is called Vatnið.,5.0,4,,,,,,,,,,,,,,
Faroe Islands,Suðuroy-Hov,Vágsfjørður,Vágsfjørður is a fjord on the island of Suðuroy in the Faroe Islands. The fjord is located in the southern part and on the eastern side of the island. The distance between the east and the west coast of Suðuroy is very short from Vágsfjørður to Vágseiði. Between the fjord and Vágseiði is a lake which is called Vatnið.,5.0,4,,,,,,,,,,,,,,
Faroe Islands,Suðuroy-Lopra,Vágsfjørður,Vágsfjørður is a fjord on the island of Suðuroy in the Faroe Islands. The fjord is located in the southern part and on the eastern side of the island. The distance between the east and the west coast of Suðuroy is very short from Vágsfjørður to Vágseiði. Between the fjord and Vágseiði is a lake which is called Vatnið.,5.0,4,,,,,,,,,,,,,,
Faroe Islands,Suðuroy-Lopra,Sumbiarhólmur,"Sumbiarhólmur is an islet in the Faroe Islands, located just outside the village of Sumba, which is the southernmost village in the island Suðuroy. At 7 hectares in area, Sumbiarhólmur is the 6th largest islet of the Faroe Islands.",5.0,1,,,,,,,,,,,,,,
Faroe Islands,Suðuroy-Øravík,Vágsfjørður,Vágsfjørður is a fjord on the island of Suðuroy in the Faroe Islands. The fjord is located in the southern part and on the eastern side of the island. The distance between the east and the west coast of Suðuroy is very short from Vágsfjørður to Vágseiði. Between the fjord and Vágseiði is a lake which is called Vatnið.,5.0,4,,,,,,,,,,,,,,
Faroe Islands,Suðuroy-Akrar,Vágsfjørður,Vágsfjørður is a fjord on the island of Suðuroy in the Faroe Islands. The fjord is located in the southern part and on the eastern side of the island. The distance between the east and the west coast of Suðuroy is very short from Vágsfjørður to Vágseiði. Between the fjord and Vágseiði is a lake which is called Vatnið.,5.0,4,,,,,,,,,,,,,,
Faroe Islands,Suðuroy-Akrar,Sumbiarhólmur,"Sumbiarhólmur is an islet in the Faroe Islands, located just outside the village of Sumba, which is the southernmost village in the island Suðuroy. At 7 hectares in area, Sumbiarhólmur is the 6th largest islet of the Faroe Islands.",5.0,1,,,,,,,,,,,,,,
Faroe Islands,Eysturoy-Gjogv,Bugvin,,,,,,,,,,,,,,,,,
Faroe Islands,Eysturoy-Gjogv,Rinkusteinar,,,,,,,,,,,,,,,,,
Faroe Islands,Eysturoy-Eiði,Risin og Kellingin,,,,,,,,,,,,,,,,,
Faroe Islands,Eysturoy-Eiði,Kellingin,,,,,,,,,,,,,,,,,
Faroe Islands,Eysturoy-Eiði,Bugvin,,,,,,,,,,,,,,,,,
Faroe Islands,Eysturoy-Runavik,Lake Toftir,"Lake Toftir is a lake on the island of Eysturoy in the Faroe Islands.
Lake Toftir is located between the villages of Toftir and Rituvík. It is the fourth-largest natural lake in the Faroe Islands and it measures 51 hectares. The lake is noted for its rich bird life.",4.8,6,,,,,,,,,,,,,,
Faroe Islands,Eysturoy-Runavik,Skálafjørður,"Skálafjørður, also known as Kongshavn is a fjord in Eysturoy. It is the largest fjord in the Faroe Islands.",4.1,7,,,,,,,,,,,,,,
Faroe Islands,Eysturoy-Leirvík,Toftanes,,,,,,,,,,,,,,,,,
Faroe Islands,Eysturoy-Leirvík,Skálafjørður,"Skálafjørður, also known as Kongshavn is a fjord in Eysturoy. It is the largest fjord in the Faroe Islands.",4.1,7,,,,,,,,,,,,,,
Faroe Islands,Eysturoy-Elduvík,Rinkusteinar,,,,,,,,,,,,,,,,,
Faroe Islands,Eysturoy-Elduvík,Bugvin,,,,,,,,,,,,,,,,,
Faroe Islands,Eysturoy-Funningur,Bugvin,,,,,,,,,,,,,,,,,
Faroe Islands,Eysturoy-Funningur,Rinkusteinar,,,,,,,,,,,,,,,,,
Faroe Islands,Eysturoy-Nordragota,Église Gøtu,,4.2,19,"Lutheran church in Gøtugjógv, Faroe Islands",,62.1933869,-6.7462599,,,,,,,,,,
Faroe Islands,Eysturoy-Nordragota,Varmakelda,,2.3,3,,,,,,,,,,,,,,
Faroe Islands,Eysturoy-Nordragota,Skálafjørður,"Skálafjørður, also known as Kongshavn is a fjord in Eysturoy. It is the largest fjord in the Faroe Islands.",4.1,7,,,,,,,,,,,,,,
Faroe Islands,Eysturoy-Toftir,Skálafjørður,"Skálafjørður, also known as Kongshavn is a fjord in Eysturoy. It is the largest fjord in the Faroe Islands.",4.1,7,,,,,,,,,,,,,,
Faroe Islands,Eysturoy-Oyndarfjørður,Rinkusteinar,,,,,,,,,,,,,,,,,
Faroe Islands,Eysturoy-Strendur,Skálafjørður,"Skálafjørður, also known as Kongshavn is a fjord in Eysturoy. It is the largest fjord in the Faroe Islands.",4.1,7,,,,,,,,,,,,,,
Faroe Islands,Eysturoy-Fuglafjørður,Rinkusteinar,,,,,,,,,,,,,,,,,
Faroe Islands,Eysturoy-Skali,Skálafjørður,"Skálafjørður, also known as Kongshavn is a fjord in Eysturoy. It is the largest fjord in the Faroe Islands.",4.1,7,,,,,,,,,,,,,,
Faroe Islands,Eysturoy-Rituvík,Lake Toftir,"Lake Toftir is a lake on the island of Eysturoy in the Faroe Islands.
Lake Toftir is located between the villages of Toftir and Rituvík. It is the fourth-largest natural lake in the Faroe Islands and it measures 51 hectares. The lake is noted for its rich bird life.",4.8,6,,,,,,,,,,,,,,
Faroe Islands,Eysturoy-Rituvík,Skálafjørður,"Skálafjørður, also known as Kongshavn is a fjord in Eysturoy. It is the largest fjord in the Faroe Islands.",4.1,7,,,,,,,,,,,,,,
Faroe Islands,Sandoy-Sandur,Skúvoy,"Skúvoy or Skúgvoy is an island in the central Faroe Islands, located to the south of Sandoy.
It is named after the large number of skua present on the island. There is only one settlement on the island: Skúvoy on the east coast. There are two mountains: Knúkur and Heyggjurin Mikli.",4.7,10,,,,,,,,,,,,,,
Faroe Islands,Sandoy-Sandur,Sandsvatn,"The Sandsvatn is the largest lake on the island of Sandoy and the third largest in the Faroe Islands, measuring 0.8 km² with a depth of 5 metres. It is situated in a valley between Skopun and Sandur, just north of the latter on Road 30.",,,,,,,,,,,,,,,,
Faroe Islands,Sandoy-Sandur,Søltuvík,,5.0,1,,,,,,,,,,,,,,
Faroe Islands,Sandoy-Skálavík,Hálsur,,,,,,,,,,,,,,,,,
Faroe Islands,Sandoy-Húsavík Municipality,Skúvoy,"Skúvoy or Skúgvoy is an island in the central Faroe Islands, located to the south of Sandoy.
It is named after the large number of skua present on the island. There is only one settlement on the island: Skúvoy on the east coast. There are two mountains: Knúkur and Heyggjurin Mikli.",4.7,10,,,,,,,,,,,,,,
Faroe Islands,Sandoy-Húsavík Municipality,Hálsur,,,,,,,,,,,,,,,,,
Faroe Islands,Sandoy-Dalur,Skúvoy,"Skúvoy or Skúgvoy is an island in the central Faroe Islands, located to the south of Sandoy.
It is named after the large number of skua present on the island. There is only one settlement on the island: Skúvoy on the east coast. There are two mountains: Knúkur and Heyggjurin Mikli.",4.7,10,,,,,,,,,,,,,,
Faroe Islands,Sandoy-Skopun,Hestur,,,,,,,,,,,,,,,,,
Faroe Islands,Sandoy-Skopun,Søltuvík,,5.0,1,,,,,,,,,,,,,,
Faroe Islands,Sandoy-Skarvanes,Skúvoy,"Skúvoy or Skúgvoy is an island in the central Faroe Islands, located to the south of Sandoy.
It is named after the large number of skua present on the island. There is only one settlement on the island: Skúvoy on the east coast. There are two mountains: Knúkur and Heyggjurin Mikli.",4.7,10,,,,,,,,,,,,,,
Isle of Man,Peel,House of Manannan,"The House of Manannan is a museum on the Isle of Man. It is named after the ""great mythological sea god"" Manannan and covers the island's history and current situation. The Manx inheritance and the national character are fundamentally rooted in Celtic, Viking and Maritime culture.",4.6,450,"Museum in Peel, Isle of Man",1.5 hours,54.2218274,-4.6977209,,,,,,,,,,
Isle of Man,Peel,St Patrick's Isle,"St Patrick's Isle is a small tidal island on the west coast of the Isle of Man in the Irish Sea, largely occupied by Peel Castle and noted for its attractive and relatively well preserved historic castle ruins.",5.0,1,,,,,,,,,,,,,,
Isle of Man,Peel,Peel Cathedral,"The Cathedral Church of Saint German or Peel Cathedral, rebranded as Cathedral Isle of Man, is located in Peel, Isle of Man. The cathedral is also one of the parish churches in the parish of the West Coast, which includes the town of Peel, and was built in 1879–84. It was made the cathedral by Act of Tynwald in 1980.",4.6,49,"Cathedral in Peel, Isle of Man",,54.2218006,-4.6911271,,,,,,,,,,
Isle of Man,Peel,Peel Beach,,4.8,63,Tourist attraction on the Isle of Man,,54.2245302,-4.6956055,,,,,,,,,,
Isle of Man,Peel,Leece Museum,"The Leece Museum is a museum in Peel, Isle of Man established in 1984. It is dedicated to the local history of Peel.",4.7,35,"Museum in Peel, Isle of Man",,54.22396,-4.697384,,,,,,,,,,
Isle of Man,Peel,Fenella Beach,,4.6,5,Public beach on the Isle of Man,,54.2254871,-4.6988137,,,,,,,,,,
Isle of Man,Peel,Manx Transport Heritage Museum,,5.0,1,"Museum in Peel, Isle of Man",,54.2207436,-4.6989114,,,,,,,,,,
Isle of Man,Peel,Corrins Tower,,4.6,45,Tourist attraction on the Isle of Man,,54.2127714,-4.7102929,,,,,,,,,,
Isle of Man,Peel,White Strand Beach,,5.0,2,Tourist attraction on the Isle of Man,,54.2365411,-4.6593931,,,,,,,,,,
Isle of Man,Castletown,Castle Rushen,"Castle Rushen is a medieval castle located in the Isle of Man's historic capital, Castletown, in the south of the island. It towers over the Market Square to the south-east and the harbour to the north-east.",4.5,730,"Medieval castle in Castletown, Isle of Man",,54.0738053,-4.6522796,,,,,,,,,,
Isle of Man,Castletown,The Old House of Keys,"The Old House of Keys is the former meeting place of the House of Keys, the lower house of Tynwald, the Isle of Man's parliament. It is located across the street from Castle Rushen in Castletown, the former capital of the Isle of Man, in the south of the island.",4.5,39,"Museum in Castletown, Isle of Man",,54.073391,-4.6521155,,,,,,,,,,
Isle of Man,Castletown,The Nautical Museum,,4.5,58,"Museum in Castletown, Isle of Man",,54.0738889,-4.6508334,,,,,,,,,,
Isle of Man,Castletown,Manx Aviation and Military Museum,The Manx Aviation and Military Museum is a museum dedicated to the history of aviation and the military on the Isle of Man. The museum is open at the weekends throughout the year and every day from late May to the end of September. Visits at other times and guided tours can be arranged by appointment.,4.8,39,Museum on the Isle of Man,,54.0840164,-4.6384829,,,,,,,,,,
Isle of Man,Castletown,"Poulsom Park, Bull Ring Bike Park",,4.2,19,Park on the Isle of Man,,54.0802047,-4.6477203,,,,,,,,,,
Isle of Man,Castletown,Old Grammar School,,,,,,,,,,,,,,,,,
Isle of Man,Castletown,Castletown Harbour,,5.0,1,,,,,,,,,,,,,,
Isle of Man,Castletown,Castletown Bay,,,,,,,,,,,,,,,,,
Isle of Man,Castletown,Derbyhaven Beach,,4.4,11,"Tourist attraction in Derbyhaven, Isle of Man",,54.0768396,-4.623168,,,,,,,,,,
Isle of Man,Castletown,Castletown Beach,,3.6,5,Tourist attraction on the Isle of Man,,54.0760646,-4.6313944,,,,,,,,,,
Isle of Man,Douglas,Manx Museum,"The Manx Museum in Douglas, Isle of Man is the national museum of the Isle of Man. It is run by Manx National Heritage.
The museum opened in 1922, in a building that was formerly Noble's Old Hospital. It was expanded and remodeled during 1986-89.
The museum serves as headquarters of Manx National Heritage.",4.6,756,"Museum in Douglas, Isle of Man",2 hours,54.1544988,-4.4818906,,,,,,,,,,
Isle of Man,Douglas,Summerhill Glen,,,,,,,,,,,,,,,,,
Isle of Man,Douglas,Onchan Pleasure Park,,,,"Park in Douglas, Isle of Man",,54.169855,-4.4562767,,,,,,,,,,
Isle of Man,Douglas,Onchan Park,,4.4,254,"Park in Douglas, Isle of Man",,,,,,,,,,,,,
Isle of Man,Douglas,Douglas Head,Douglas Head is a rocky point on the Isle of Man overlooking Douglas Bay and harbour. Views extend to include Snaefell Mountain and Laxey.,4.5,6,,,,,,,,,,,,,,
Isle of Man,Douglas,Nobles Park,,,,"Park in Douglas, Isle of Man",,54.1660097,-4.4770881,,,,,,,,,,
Isle of Man,Douglas,St Mary's Isle,"St Mary's Isle is a partially submerged reef in Douglas Bay on the Isle of Man. Prior to 1832 the rock was the property of the Quane family until John Quane, Attorney General of the Isle of Man, presented ...",,,,,,,,,,,,,,,,
Isle of Man,Douglas,Peel Castle,"Peel Castle is a castle in Peel on the Isle of Man, originally constructed by Vikings. The castle stands on St Patrick's Isle which is connected to the town by a causeway. It is now owned by Manx National Heritage and is open to visitors during the summer.",4.7,"1,000",Castle on the Isle of Man,,54.2260861,-4.6983493,,,,,,,,,,
Isle of Man,Douglas,Tower of Refuge,"The Tower of Refuge is a stone-built castellated structure which was erected on St Mary's Isle in Douglas Bay, Isle of Man, in order to afford shelter to mariners wrecked on the rock.",4.3,38,Historical landmark on the Isle of Man,,54.1503746,-4.4686809,,,,,,,,,,
Isle of Man,Douglas,Douglas Lighthouse,"Douglas Head Lighthouse is a lighthouse at Douglas Head on the Isle of Man located between England and Ireland.
The lighthouse was established in 1857, although the vicinity was under the control of the Isle of Man Harbour Board from 1832.",,,,,,,,,,,,,,,,
Isle of Man,Douglas,Douglas Bay,,4.8,4,,,,,,,,,,,,,,
Isle of Man,Douglas,The great union Camera Obscura,,4.8,5,Museum on the Isle of Man,,54.1433383,-4.4672951,,,,,,,,,,
Isle of Man,Douglas,"The Nook, Isle of Man",The Nook is situated on the primary A18 Mountain Road in the parish of Onchan in the Isle of Man between the 37th Milestone road-side marker on the Snaefell Mountain Course and the TT Grandstand on the primary A2 Glencrutchery Road in the town of Douglas.,4.6,10,"Historical place in Douglas, Isle of Man",,54.1741287,-4.4685602,,,,,,,,,,
Isle of Man,Douglas,Home of Rest for Old Horses,,4.7,195,Tourist attraction on the Isle of Man,,54.1423375,-4.5351511,,,,,,,,,,
Isle of Man,Douglas,Snugborough playground,,,,"Park in Douglas, Isle of Man",,54.1694721,-4.5171873,,,,,,,,,,
Isle of Man,Douglas,Douglas Harbour,"Douglas Harbour is located near Douglas Head at the southern end of Douglas, the capital of the Isle of Man. It is the island's main commercial shipping port. The Port of Douglas was the first in the world to be equipped with Radar.",4.2,6,,,,,,,,,,,,,,
Isle of Man,Douglas,Hillberry Corner,"Hillberry Corner is situated at the 36th Milestone road-side marker on the Snaefell Mountain Course, being on the primary A18 Mountain Road with the side-road junction of the C22 Little Mill Road, in the parish of Onchan in the Isle of Man.",4.7,93,Historical place on the Isle of Man,,54.1878165,-4.4742893,,,,,,,,,,
Isle of Man,Douglas,Groudle Glen Railway,"The Groudle Glen Railway is a 2 ft narrow gauge railway near Onchan in the Isle of Man, on the boundary of Onchan and Lonan, which is owned and operated by a small group of enthusiastic volunteers and ...",4.7,66,Tourist attraction,,54.1763105,-4.4213808,,,,,,,,,,
Isle of Man,Douglas,Onchan Wetlands,,,,,,,,,,,,,,,,,
Isle of Man,Douglas,Steve Hislop Memorial,,,,,,,,,,,,,,,,,
Isle of Man,Douglas,St Peters Church,,,,,,,,,,,,,,,,,
Isle of Man,Douglas,Brandish Corner,Brandish Corner is situated between the 35th and 36th Milestone road-side markers on the Snaefell Mountain Course on the primary A18 Mountain Road in the parish of Onchan in the Isle of Man. The road was re-engineered in recent years.,5.0,1,Historical place on the Isle of Man,,54.1955813,-4.4777334,,,,,,,,,,
Isle of Man,Douglas,Groudle Glen,,4.6,14,,,,,,,,,,,,,,
Isle of Man,Douglas,Kerrowdhoo Reservoir,,4.8,5,,,,,,,,,,,,,,
Isle of Man,Douglas,South Barrule,"The South Barrule is the highest hill in the south of the Isle of Man. It has the remains of a fort on its summit, which is traditionally the home of the Manx god of the sea Mannanan beg mac y Leir. The hill is largely surrounded by conifer plantations.",,,,,,,,,,,,,,,,
Isle of Man,Douglas,Peel Cathedral,"The Cathedral Church of Saint German or Peel Cathedral, rebranded as Cathedral Isle of Man, is located in Peel, Isle of Man. The cathedral is also one of the parish churches in the parish of the West Coast, which includes the town of Peel, and was built in 1879–84. It was made the cathedral by Act of Tynwald in 1980.",4.6,49,"Cathedral in Peel, Isle of Man",,54.2218006,-4.6911271,,,,,,,,,,
Isle of Man,Douglas,Leece Museum,"The Leece Museum is a museum in Peel, Isle of Man established in 1984. It is dedicated to the local history of Peel.",4.7,35,"Museum in Peel, Isle of Man",,54.22396,-4.697384,,,,,,,,,,
Isle of Man,Saint John's,Tynwald National Park and Arboretum,,,,,,,,,,,,,,,,,
Isle of Man,Isle of Man,Peel Castle,"Peel Castle is a castle in Peel on the Isle of Man, originally constructed by Vikings. The castle stands on St Patrick's Isle which is connected to the town by a causeway. It is now owned by Manx National Heritage and is open to visitors during the summer.",4.7,"1,000",Castle on the Isle of Man,,54.2260861,-4.6983493,Kid-friendly,,,,,,,,,
Isle of Man,Isle of Man,Castle Rushen,"Castle Rushen is a medieval castle located in the Isle of Man's historic capital, Castletown, in the south of the island. It towers over the Market Square to the south-east and the harbour to the north-east.",4.5,730,"Medieval castle in Castletown, Isle of Man",,54.0738053,-4.6522796,Kid-friendly,,,,,,,,,
Isle of Man,Isle of Man,Curraghs Wildlife Park,"Curraghs Wildlife Park is a wildlife park in The Curraghs, an area of wetland in the north-west of the Isle of Man.
The park is owned by the Isle of Man Government and formerly administered through the island's Department of Community, Culture and Leisure.",4.4,360,Wildlife park on the Isle of Man,1.5 hours,54.316503,-4.512298,Kid-friendly,,,,,,,,,
Isle of Man,Isle of Man,Snaefell,"Snaefell – is the highest mountain and the only summit higher than 2,000 feet on the Isle of Man, at 2,037 feet above sea level. The summit is crowned by a railway station, cafe and several communications masts.",4.7,50,,,,,Kid-friendly,,,,,,,,,
Isle of Man,Isle of Man,Manx Museum,"The Manx Museum in Douglas, Isle of Man is the national museum of the Isle of Man. It is run by Manx National Heritage.
The museum opened in 1922, in a building that was formerly Noble's Old Hospital. It was expanded and remodeled during 1986-89.
The museum serves as headquarters of Manx National Heritage.",4.6,756,"Museum in Douglas, Isle of Man",2 hours,54.1544988,-4.4818906,Kid-friendly,,,,,,,,,
Isle of Man,Isle of Man,Rushen Abbey,"Rushen Abbey is an abbey on the Isle of Man, located in Ballasalla. Originally home for monks of the Savignac order, it soon came under Cistercian control and remained so until its dissolution. The abbey is located two miles from Castle Rushen, the politically most important site on the island in medieval times.",4.2,113,"Abbey in Ballasalla, Isle of Man",,54.098204,-4.634116,Kid-friendly,,,,,,,,,
Isle of Man,Isle of Man,Fairy Bridge,"Fairy Bridge, Isle of Man is a small bridge over the Santon Burn in the Isle of Man, located on the primary A5 Port Erin to Douglas road, at grid reference 305720, on the parish boundary between Santon and Malew.",4.5,73,Bridge on the Isle of Man,,54.1144751,-4.5954876,Kid-friendly,,,,,,,,,
Isle of Man,Isle of Man,Point of Ayre Lighthouse,"The Point of Ayre Lighthouse is an active 19th century lighthouse, sited at the Point of Ayre at the north-eastern end of the Isle of Man.",4.6,154,Lighthouse on the Isle of Man,,,,Kid-friendly,,,,,,,,,
Isle of Man,Isle of Man,South Barrule,"The South Barrule is the highest hill in the south of the Isle of Man. It has the remains of a fort on its summit, which is traditionally the home of the Manx god of the sea Mannanan beg mac y Leir. The hill is largely surrounded by conifer plantations.",,,,,,,Kid-friendly,,,,,,,,,
Isle of Man,Isle of Man,Milntown Estate and Gardens,,4.6,195,,1.5 hours,54.3198057,-4.4039726,Kid-friendly,,,,,,,,,
Isle of Man,Isle of Man,The Old House of Keys,"The Old House of Keys is the former meeting place of the House of Keys, the lower house of Tynwald, the Isle of Man's parliament. It is located across the street from Castle Rushen in Castletown, the former capital of the Isle of Man, in the south of the island.",4.5,39,"Museum in Castletown, Isle of Man",,54.073391,-4.6521155,Kid-friendly,,,,,,,,,
Isle of Man,Isle of Man,Saint Michael's Isle,"St Michael's Isle, more commonly referred to as Fort Island, is an island in Malew parish in the Isle of Man, noted for its attractive ruins. It covers an area of 5.14 hectares, is about 400 metres long from west to east, and is connected to the Langness Peninsula, near Derbyhaven, by a narrow causeway.",4.3,15,,,,,Kid-friendly,,,,,,,,,
Isle of Man,Isle of Man,Manx Aviation and Military Museum,The Manx Aviation and Military Museum is a museum dedicated to the history of aviation and the military on the Isle of Man. The museum is open at the weekends throughout the year and every day from late May to the end of September. Visits at other times and guided tours can be arranged by appointment.,4.8,39,Museum on the Isle of Man,,54.0840164,-4.6384829,Kid-friendly,,,,,,,,,
Isle of Man,Isle of Man,The Nautical Museum,,4.5,58,"Museum in Castletown, Isle of Man",,54.0738889,-4.6508334,Kid-friendly,,,,,,,,,
Isle of Man,Isle of Man,Glen Wyllin,,4.4,154,Park on the Isle of Man,,54.2816657,-4.5916868,Kid-friendly,,,,,,,,,
Isle of Man,Isle of Man,Jurby Transport Museum,"The Jurby Transport Museum is a transport museum in Jurby on the Isle of Man occupying a former aircraft hangar.
The museum is operated by a group of volunteers who are members of the Manx Transport Trust. Entrance is free but donations are welcome.",4.8,13,Museum on the Isle of Man,,54.3590058,-4.5232491,Kid-friendly,,,,,,,,,
Isle of Man,Isle of Man,Isle of Man Railway Museum,The Isle of Man Railway Museum in the village of Port Erin in the Isle of Man is a small display that shows the history of the Isle of Man Railway through exhibits and visual displays which chart the ...,4.0,2,"Museum in Port Erin, Isle of Man",,54.0852049,-4.7579481,Kid-friendly,,,,,,,,,
Isle of Man,Isle of Man,Mull Hill,"Mull Hill is a small hill in the exclave of Rushen Parish at the southern end of the Isle of Man, just outside the village of Cregneash. It is the site of a chambered cairn called Mull Circle or Meayll Circle. Near the summit of the hill also lie the remains of a World War II Chain Home Low RDF station.",5.0,1,,,,,Kid-friendly,,,,,,,,,
Isle of Man,Isle of Man,Douglas Lighthouse,"Douglas Head Lighthouse is a lighthouse at Douglas Head on the Isle of Man located between England and Ireland.
The lighthouse was established in 1857, although the vicinity was under the control of the Isle of Man Harbour Board from 1832.",,,,,,,Kid-friendly,,,,,,,,,
Isle of Man,Isle of Man,Onchan Park,,4.4,254,"Park in Douglas, Isle of Man",,,,Kid-friendly,,,,,,,,,
Isle of Man,Isle of Man,Silverdale Glen,,4.4,157,National forest on the Isle of Man,,54.1075966,-4.6402395,Kid-friendly,,,,,,,,,
Isle of Man,Isle of Man,Leece Museum,"The Leece Museum is a museum in Peel, Isle of Man established in 1984. It is dedicated to the local history of Peel.",4.7,35,"Museum in Peel, Isle of Man",,54.22396,-4.697384,Kid-friendly,,,,,,,,,
Isle of Man,Isle of Man,"The Bungalow, Isle of Man","The Bungalow, Isle of Man, one of a handful of better-known vantage points spread around the Snaefell Mountain Course, is situated adjacent to the 31st Milestone roadside marker on the road junction of ...",4.6,215,Historical place on the Isle of Man,,54.2515182,-4.4632482,Kid-friendly,,,,,,,,,
Isle of Man,Isle of Man,Bradda Hill,"Bradda Hill is a headland some 2 kilometres north of the village of Port Erin on the Isle of Man. It is not to be confused with Bradda Head which is about 2 kilometres to the SW.
The path to the summit from Bradda West is part of the Raad ny Foillan, the Isle of Man Coast long distance footpath.",,,,,,,Kid-friendly,,,,,,,,,
Isle of Man,Isle of Man,North Barrule,"North Barrule is the second highest peak in the Isle of Man at 565 metres. From the summit the northern plain of the Isle of Man can be viewed along with the coastlines of Ireland, Cumbria, Wales and Scotland.
The North Barrule is located at grid reference 442909 and forms the north-eastern end of a ridge.",5.0,2,,,,,Kid-friendly,,,,,,,,,
Isle of Man,Isle of Man,Laxey Woollen Mills,,4.5,108,"Tourist attraction in Laxey, Isle of Man",45 min,54.2307854,-4.4031073,Kid-friendly,,,,,,,,,
Isle of Man,Isle of Man,"Kate's Cottage, Isle of Man","Kate's Cottage is a historic house which is one of Isle of Man's Registered Buildings.
It is situated near to the summit of Slieau Ree adjacent to the 34th Milestone racing road-side milestone marker used for the Snaefell Mountain Course on the primary A18 Mountain Road in Onchan parish, Isle of Man.",4.3,7,Historical place on the Isle of Man,,54.2112259,-4.4769716,Kid-friendly,,,,,,,,,
Isle of Man,Isle of Man,Cronk ny Arrey Laa,"Cronk ny Arrey Laa is a hill in the south west of the Isle of Man. It may be confused with a hill of a similar name in the parish of Jurby, further north along the west coast of the island.
At 437 m it is the second highest hill in this part of the island, after the South Barrule, 2 miles to the east.",4.4,7,,,,,Kid-friendly,,,,,,,,,
Isle of Man,Isle of Man,Maughold Head,"Maughold Head is the easternmost point of the Isle of Man and the closest point in the Isle of Man to England, being 50 kilometres from St. Bees Head in Cumbria.
Maughold Head lies in the northeast of the island, some 5 kilometres from Ramsey, at the southern end of Ramsey Bay.",4.5,2,,,,,Kid-friendly,,,,,,,,,
Isle of Man,Isle of Man,Grove Museum,,4.5,56,"Museum in Ramsey, Isle of Man",,54.3324742,-4.3940406,Kid-friendly,,,,,,,,,
Isle of Man,Isle of Man,Cronk ny Merriu,"Cronk ny Merriu is one of the remains of promontory forts in the Isle of Man. Close to Port Grenaugh, this site dates back almost 2,000 years. The bank and ditch of Iron Age date created a defensive promontory fort at Cronk ny Merriu.",4.3,7,Tourist attraction on the Isle of Man,,54.1025862,-4.5749839,Kid-friendly,,,,,,,,,
Isle of Man,Isle of Man,Sulby Reservoir,"The Sulby Reservoir is the largest reservoir or lake in the Isle of Man, with an area of 154 acres.",4.8,16,Reservoir on the Isle of Man,,54.2685691,-4.5024635,Kid-friendly,,,,,,,,,
Isle of Man,Isle of Man,Slieau Freoaghane,"Slieau Freoaghane is a hill on the Isle of Man, and the second highest of the Island's five Marilyns. It is located in the Sheading of Michael and can be climbed from Kirk Michael or Barregarrow to the west, from Brandy Cottage to the south, or from Druidale in the east. The summit is marked with a trig point.",5.0,1,,,,,Kid-friendly,,,,,,,,,
Isle of Man,Port Erin,Calf of Man,"Calf of Man is a 2.50-square-kilometre island, off the southwest coast of the Isle of Man. It is separated from the Isle of Man by a narrow stretch of water called the Calf Sound. Like the nearby rocky islets of Chicken Rock and Kitterland, it is part of the parish of Rushen. It has only two seasonal inhabitants.",4.6,27,,,,,,,,,,,,,,
Isle of Man,Port Erin,Bradda Head,"Bradda Head is a rugged headland in the south-west of the Isle of Man, in the British Isles, rising to a height of 382 feet. It shelters Port Erin Bay from the north.
There is a clifftop walk, the Coronation Footpath, up to the head and around the head via Milner's Tower.",5.0,4,,,,,,,,,,,,,,
Isle of Man,Port Erin,Castle Rushen,"Castle Rushen is a medieval castle located in the Isle of Man's historic capital, Castletown, in the south of the island. It towers over the Market Square to the south-east and the harbour to the north-east.",4.5,730,"Medieval castle in Castletown, Isle of Man",,54.0738053,-4.6522796,,,,,,,,,,
Isle of Man,Port Erin,Mull Hill,"Mull Hill is a small hill in the exclave of Rushen Parish at the southern end of the Isle of Man, just outside the village of Cregneash. It is the site of a chambered cairn called Mull Circle or Meayll Circle. Near the summit of the hill also lie the remains of a World War II Chain Home Low RDF station.",5.0,1,,,,,,,,,,,,,,
Isle of Man,Port Erin,Isle of Man Railway Museum,The Isle of Man Railway Museum in the village of Port Erin in the Isle of Man is a small display that shows the history of the Isle of Man Railway through exhibits and visual displays which chart the ...,4.0,2,"Museum in Port Erin, Isle of Man",,54.0852049,-4.7579481,,,,,,,,,,
Isle of Man,Port Erin,Port Erin Beach,,4.7,28,,,,,,,,,,,,,,
Isle of Man,Port Erin,Bradda Hill,"Bradda Hill is a headland some 2 kilometres north of the village of Port Erin on the Isle of Man. It is not to be confused with Bradda Head which is about 2 kilometres to the SW.
The path to the summit from Bradda West is part of the Raad ny Foillan, the Isle of Man Coast long distance footpath.",,,,,,,,,,,,,,,,
Isle of Man,Port Erin,Milner's Tower,,4.9,84,Historical landmark on the Isle of Man,,54.0925397,-4.7778654,,,,,,,,,,
Isle of Man,Port Erin,Langness Peninsula,"Langness is a peninsula which protrudes two kilometres at the southern extremity of the Isle of Man. Signifying a cape or extended promontory, ""Langness"" literally means ""long promontory"" in Old Norse.",5.0,3,,,,,,,,,,,,,,
Isle of Man,Port Erin,Chicken Rock,"Chicken Rock, part of Rushen parish, is the southernmost island administered by the Isle of Man. It lies southwest of the Calf of Man, 4.5 kilometres off Spanish Head on the Manx mainland. The most prominent feature of the rock is the 19th century Chicken Rock Lighthouse.",4.0,4,,,,,,,,,,,,,,
Isle of Man,Ramsey,Milntown Estate and Gardens,,4.6,195,,1.5 hours,54.3198057,-4.4039726,,,,,,,,,,
Isle of Man,Ramsey,Snaefell,"Snaefell – is the highest mountain and the only summit higher than 2,000 feet on the Isle of Man, at 2,037 feet above sea level. The summit is crowned by a railway station, cafe and several communications masts.",4.7,50,,,,,,,,,,,,,,
Isle of Man,Ramsey,School House Corner,"School House Corner is a left curve on the primary A3 Lezayre Road in Ramsey, Isle of Man.
It is between the 23rd and 24th milestone road markers, on the 37.73-mile circuitous Mountain Course race track, measured from the starting line at the TT Grandstand.",5.0,1,"Historical landmark in Ramsey, Isle of Man",,54.3206408,-4.3933605,,,,,,,,,,
Isle of Man,Ramsey,Mooragh Promenade,,,,,,,,,,,,,,,,,
Isle of Man,Ramsey,Ramsey Beach,,4.6,34,"Tourist attraction in Ramsey, Isle of Man",45 min,54.3294121,-4.3825022,,,,,,,,,,
Isle of Man,Ramsey,Pepsi Max Bowl & Leisure Centre,,4.2,210,Bowling alley,1-2 hours,54.321686,-4.378026,,,,,,,,,,
Isle of Man,Ramsey,Mooragh Lake,,4.6,17,,,,,,,,,,,,,,
Isle of Man,Ramsey,Ramsey Hairpin,"Ramsey Hairpin is a point on the Snaefell Mountain Course used for the Isle of Man TT races on the Snaefell Mountain Road, designated as A18, in the parish of Maughold in the Isle of Man.",4.6,78,"Tourist attraction in Ramsey, Isle of Man",,54.3129997,-4.3849256,,,,,,,,,,
Isle of Man,Ramsey,Grove Museum,,4.5,56,"Museum in Ramsey, Isle of Man",,54.3324742,-4.3940406,,,,,,,,,,
Isle of Man,Ramsey,Albert Tower,"The Albert Tower, on the Isle of Man is a historic monument which is one of Isle of Man's Registered Buildings. It was registered on 27 January 2003 as number 212.
The tower is located in the parish of Maughold, but only about 100 metres south of the boundary with Ramsey and overlooking the town of Ramsey.",,,"Monument in Ramsey, Isle of Man",,54.312947,-4.3796925,,,,,,,,,,
Isle of Man,Ramsey,"Gooseneck, Isle of Man","Gooseneck, Isle of Man, is an acute uphill right-bend on the Snaefell Mountain Course used for the TT motorcycle races between the 25th and 26th Milestone racing road-side markers, on the 37+ mile circuitous-course, measured from the startline at the TT Grandstand.",4.7,81,Tourist attraction on the Isle of Man,,54.3052664,-4.3814983,,,,,,,,,,
Isle of Man,Ramsey,Ramsey Bay,"Ramsey Bay is a large bay covering some 94 square kilometres off the northeastern coast of the Isle of Man. It runs for 18 kilometres from the Point of Ayre at the island's northern tip to Maughold Head. The port town of Ramsey, the island's second town, lies towards the south of the bay.",5.0,1,,,,,,,,,,,,,,
Isle of Man,Ramsey,North Barrule,"North Barrule is the second highest peak in the Isle of Man at 565 metres. From the summit the northern plain of the Isle of Man can be viewed along with the coastlines of Ireland, Cumbria, Wales and Scotland.
The North Barrule is located at grid reference 442909 and forms the north-eastern end of a ridge.",5.0,2,,,,,,,,,,,,,,
Isle of Man,Ramsey,Ballure Reservoir,,5.0,1,,,,,,,,,,,,,,
Isle of Man,Ramsey,Maughold Head,"Maughold Head is the easternmost point of the Isle of Man and the closest point in the Isle of Man to England, being 50 kilometres from St. Bees Head in Cumbria.
Maughold Head lies in the northeast of the island, some 5 kilometres from Ramsey, at the southern end of Ramsey Bay.",4.5,2,,,,,,,,,,,,,,
Isle of Man,Laxey,Laxey Wheel,"The Laxey Wheel is built into the hillside above the village of Laxey in the Isle of Man. It is the largest working waterwheel in the world. Designed by Robert Casement, the wheel has a 72-foot-6-inch diameter, is 6 feet wide and revolves at approximately three revolutions per minute.",,,,,,,,,,,,,,,,
Isle of Man,Laxey,The Great Laxey Wheel,,4.6,130,"Museum in Laxey, Isle of Man",,54.238528,-4.407389,,,,,,,,,,
Isle of Man,Laxey,King Orry's Grave,"King Orry's Grave is the largest megalithic tomb on the Isle of Man. It is situated in Minorca, in the northern part of the village of Laxey, partly in a private cottage garden.",4.5,67,"Historical place in Laxey, Isle of Man",,54.2317444,-4.3929982,,,,,,,,,,
Isle of Man,Laxey,Great Laxey Mines Railway,,4.7,9,"Museum in Laxey, Isle of Man",,54.2337524,-4.4052041,,,,,,,,,,
Isle of Man,Laxey,Laxey Woollen Mills,,4.5,108,"Tourist attraction in Laxey, Isle of Man",45 min,54.2307854,-4.4031073,,,,,,,,,,
Isle of Man,Laxey,Laxey Beach,,4.6,90,"Tourist attraction in Laxey, Isle of Man",,54.2244988,-4.3924676,,,,,,,,,,
Isle of Man,Laxey,Laxey Bay,,,,"Nature preserve in Laxey, Isle of Man",,54.2336685,-4.4060267,,,,,,,,,,
Isle of Man,Laxey,Garwick Beach,,3.0,3,,,,,,,,,,,,,,
Isle of Man,Derbyhaven,Derbyhaven Beach,,,,,,,,,,,,,,,,,
Isle of Man,Ballasalla,Rushen Abbey,"Rushen Abbey is an abbey on the Isle of Man, located in Ballasalla. Originally home for monks of the Savignac order, it soon came under Cistercian control and remained so until its dissolution. The abbey is located two miles from Castle Rushen, the politically most important site on the island in medieval times.",4.2,113,"Abbey in Ballasalla, Isle of Man",,54.098204,-4.634116,,,,,,,,,,
